species,stressor,vuln,iucn_sid,src,map_f
brevoortia patronus,air_temp,0.11832,191208,iucn,species_ranges/iucn_spp_mol_191208.csv
brevoortia patronus,biomass_removal,0.66285,191208,iucn,species_ranges/iucn_spp_mol_191208.csv
brevoortia patronus,bycatch,0.39786,191208,iucn,species_ranges/iucn_spp_mol_191208.csv
brevoortia patronus,entanglement_macroplastic,0.10746,191208,iucn,species_ranges/iucn_spp_mol_191208.csv
brevoortia patronus,eutrophication_nutrient_pollution,0.28488,191208,iucn,species_ranges/iucn_spp_mol_191208.csv
brevoortia patronus,habitat_loss_degradation,0.12936,191208,iucn,species_ranges/iucn_spp_mol_191208.csv
brevoortia patronus,inorganic_pollution,0.31982,191208,iucn,species_ranges/iucn_spp_mol_191208.csv
brevoortia patronus,light_pollution,0.30698,191208,iucn,species_ranges/iucn_spp_mol_191208.csv
brevoortia patronus,marine_heat_waves,0.19201,191208,iucn,species_ranges/iucn_spp_mol_191208.csv
brevoortia patronus,noise_pollution,0.1892,191208,iucn,species_ranges/iucn_spp_mol_191208.csv
brevoortia patronus,ocean_acidification,0.0525,191208,iucn,species_ranges/iucn_spp_mol_191208.csv
brevoortia patronus,oceanographic,0.24351,191208,iucn,species_ranges/iucn_spp_mol_191208.csv
brevoortia patronus,organic_pollution,0.39678,191208,iucn,species_ranges/iucn_spp_mol_191208.csv
brevoortia patronus,plastic_pollution_microplastic,0.26627,191208,iucn,species_ranges/iucn_spp_mol_191208.csv
brevoortia patronus,poisons_toxins,0.33405,191208,iucn,species_ranges/iucn_spp_mol_191208.csv
brevoortia patronus,salinity,0.15209,191208,iucn,species_ranges/iucn_spp_mol_191208.csv
brevoortia patronus,sedimentation,0.3539,191208,iucn,species_ranges/iucn_spp_mol_191208.csv
brevoortia patronus,sst_rise,0.66285,191208,iucn,species_ranges/iucn_spp_mol_191208.csv
brevoortia patronus,storm_disturbance,0.1319,191208,iucn,species_ranges/iucn_spp_mol_191208.csv
brevoortia patronus,uv_radiation,0.13568,191208,iucn,species_ranges/iucn_spp_mol_191208.csv
brevoortia patronus,wildlife_strike,0.12186,191208,iucn,species_ranges/iucn_spp_mol_191208.csv
chanos chanos,air_temp,0,60324,am,species_ranges/am_spp_mol_chanos_chanos.csv
chanos chanos,biomass_removal,0.66503,60324,am,species_ranges/am_spp_mol_chanos_chanos.csv
chanos chanos,bycatch,0.46393,60324,am,species_ranges/am_spp_mol_chanos_chanos.csv
chanos chanos,entanglement_macroplastic,0.2155,60324,am,species_ranges/am_spp_mol_chanos_chanos.csv
chanos chanos,eutrophication_nutrient_pollution,0.25482,60324,am,species_ranges/am_spp_mol_chanos_chanos.csv
chanos chanos,habitat_loss_degradation,0.03966,60324,am,species_ranges/am_spp_mol_chanos_chanos.csv
chanos chanos,inorganic_pollution,0.36344,60324,am,species_ranges/am_spp_mol_chanos_chanos.csv
chanos chanos,light_pollution,0.31463,60324,am,species_ranges/am_spp_mol_chanos_chanos.csv
chanos chanos,marine_heat_waves,0.19157,60324,am,species_ranges/am_spp_mol_chanos_chanos.csv
chanos chanos,noise_pollution,0.18043,60324,am,species_ranges/am_spp_mol_chanos_chanos.csv
chanos chanos,ocean_acidification,0.05937,60324,am,species_ranges/am_spp_mol_chanos_chanos.csv
chanos chanos,oceanographic,0.15293,60324,am,species_ranges/am_spp_mol_chanos_chanos.csv
chanos chanos,organic_pollution,0.47466,60324,am,species_ranges/am_spp_mol_chanos_chanos.csv
chanos chanos,plastic_pollution_microplastic,0.2984,60324,am,species_ranges/am_spp_mol_chanos_chanos.csv
chanos chanos,poisons_toxins,0.39068,60324,am,species_ranges/am_spp_mol_chanos_chanos.csv
chanos chanos,salinity,0.04531,60324,am,species_ranges/am_spp_mol_chanos_chanos.csv
chanos chanos,sedimentation,0.39085,60324,am,species_ranges/am_spp_mol_chanos_chanos.csv
chanos chanos,sst_rise,0.66503,60324,am,species_ranges/am_spp_mol_chanos_chanos.csv
chanos chanos,storm_disturbance,0.10202,60324,am,species_ranges/am_spp_mol_chanos_chanos.csv
chanos chanos,uv_radiation,0.1726,60324,am,species_ranges/am_spp_mol_chanos_chanos.csv
chanos chanos,wildlife_strike,0.15066,60324,am,species_ranges/am_spp_mol_chanos_chanos.csv
clupea harengus,air_temp,0,155123,iucn,species_ranges/iucn_spp_mol_155123.csv
clupea harengus,biomass_removal,0.7014,155123,iucn,species_ranges/iucn_spp_mol_155123.csv
clupea harengus,bycatch,0.42,155123,iucn,species_ranges/iucn_spp_mol_155123.csv
clupea harengus,entanglement_macroplastic,0.14329,155123,iucn,species_ranges/iucn_spp_mol_155123.csv
clupea harengus,eutrophication_nutrient_pollution,0.28902,155123,iucn,species_ranges/iucn_spp_mol_155123.csv
clupea harengus,habitat_loss_degradation,0.04698,155123,iucn,species_ranges/iucn_spp_mol_155123.csv
clupea harengus,inorganic_pollution,0.40392,155123,iucn,species_ranges/iucn_spp_mol_155123.csv
clupea harengus,light_pollution,0.36722,155123,iucn,species_ranges/iucn_spp_mol_155123.csv
clupea harengus,marine_heat_waves,0.18502,155123,iucn,species_ranges/iucn_spp_mol_155123.csv
clupea harengus,noise_pollution,0.54526,155123,iucn,species_ranges/iucn_spp_mol_155123.csv
clupea harengus,ocean_acidification,0.06734,155123,iucn,species_ranges/iucn_spp_mol_155123.csv
clupea harengus,oceanographic,0.15866,155123,iucn,species_ranges/iucn_spp_mol_155123.csv
clupea harengus,organic_pollution,0.50205,155123,iucn,species_ranges/iucn_spp_mol_155123.csv
clupea harengus,plastic_pollution_microplastic,0.3443,155123,iucn,species_ranges/iucn_spp_mol_155123.csv
clupea harengus,poisons_toxins,0.35396,155123,iucn,species_ranges/iucn_spp_mol_155123.csv
clupea harengus,salinity,0.20576,155123,iucn,species_ranges/iucn_spp_mol_155123.csv
clupea harengus,sedimentation,0.38497,155123,iucn,species_ranges/iucn_spp_mol_155123.csv
clupea harengus,sst_rise,0.7014,155123,iucn,species_ranges/iucn_spp_mol_155123.csv
clupea harengus,storm_disturbance,0.22281,155123,iucn,species_ranges/iucn_spp_mol_155123.csv
clupea harengus,uv_radiation,0.17994,155123,iucn,species_ranges/iucn_spp_mol_155123.csv
clupea harengus,wildlife_strike,0.13683,155123,iucn,species_ranges/iucn_spp_mol_155123.csv
engraulis japonicus,air_temp,0,98969433,iucn,species_ranges/iucn_spp_mol_98969433.csv
engraulis japonicus,biomass_removal,0.67098,98969433,iucn,species_ranges/iucn_spp_mol_98969433.csv
engraulis japonicus,bycatch,0.40178,98969433,iucn,species_ranges/iucn_spp_mol_98969433.csv
engraulis japonicus,entanglement_macroplastic,0.14636,98969433,iucn,species_ranges/iucn_spp_mol_98969433.csv
engraulis japonicus,eutrophication_nutrient_pollution,0.30454,98969433,iucn,species_ranges/iucn_spp_mol_98969433.csv
engraulis japonicus,habitat_loss_degradation,0.04742,98969433,iucn,species_ranges/iucn_spp_mol_98969433.csv
engraulis japonicus,inorganic_pollution,0.41446,98969433,iucn,species_ranges/iucn_spp_mol_98969433.csv
engraulis japonicus,light_pollution,0.38532,98969433,iucn,species_ranges/iucn_spp_mol_98969433.csv
engraulis japonicus,marine_heat_waves,0.18648,98969433,iucn,species_ranges/iucn_spp_mol_98969433.csv
engraulis japonicus,noise_pollution,0.22642,98969433,iucn,species_ranges/iucn_spp_mol_98969433.csv
engraulis japonicus,ocean_acidification,0.07096,98969433,iucn,species_ranges/iucn_spp_mol_98969433.csv
engraulis japonicus,oceanographic,0.22142,98969433,iucn,species_ranges/iucn_spp_mol_98969433.csv
engraulis japonicus,organic_pollution,0.51155,98969433,iucn,species_ranges/iucn_spp_mol_98969433.csv
engraulis japonicus,plastic_pollution_microplastic,0.35684,98969433,iucn,species_ranges/iucn_spp_mol_98969433.csv
engraulis japonicus,poisons_toxins,0.37298,98969433,iucn,species_ranges/iucn_spp_mol_98969433.csv
engraulis japonicus,salinity,0.22173,98969433,iucn,species_ranges/iucn_spp_mol_98969433.csv
engraulis japonicus,sedimentation,0.40565,98969433,iucn,species_ranges/iucn_spp_mol_98969433.csv
engraulis japonicus,sst_rise,0.67098,98969433,iucn,species_ranges/iucn_spp_mol_98969433.csv
engraulis japonicus,storm_disturbance,0.17884,98969433,iucn,species_ranges/iucn_spp_mol_98969433.csv
engraulis japonicus,uv_radiation,0.1995,98969433,iucn,species_ranges/iucn_spp_mol_98969433.csv
engraulis japonicus,wildlife_strike,0.1517,98969433,iucn,species_ranges/iucn_spp_mol_98969433.csv
engraulis ringens,air_temp,0,183775,iucn,species_ranges/iucn_spp_mol_183775.csv
engraulis ringens,biomass_removal,0.67098,183775,iucn,species_ranges/iucn_spp_mol_183775.csv
engraulis ringens,bycatch,0.40178,183775,iucn,species_ranges/iucn_spp_mol_183775.csv
engraulis ringens,entanglement_macroplastic,0.14636,183775,iucn,species_ranges/iucn_spp_mol_183775.csv
engraulis ringens,eutrophication_nutrient_pollution,0.30454,183775,iucn,species_ranges/iucn_spp_mol_183775.csv
engraulis ringens,habitat_loss_degradation,0.04742,183775,iucn,species_ranges/iucn_spp_mol_183775.csv
engraulis ringens,inorganic_pollution,0.36778,183775,iucn,species_ranges/iucn_spp_mol_183775.csv
engraulis ringens,light_pollution,0.38532,183775,iucn,species_ranges/iucn_spp_mol_183775.csv
engraulis ringens,marine_heat_waves,0.24895,183775,iucn,species_ranges/iucn_spp_mol_183775.csv
engraulis ringens,noise_pollution,0.22642,183775,iucn,species_ranges/iucn_spp_mol_183775.csv
engraulis ringens,ocean_acidification,0.07096,183775,iucn,species_ranges/iucn_spp_mol_183775.csv
engraulis ringens,oceanographic,0.22142,183775,iucn,species_ranges/iucn_spp_mol_183775.csv
engraulis ringens,organic_pollution,0.44713,183775,iucn,species_ranges/iucn_spp_mol_183775.csv
engraulis ringens,plastic_pollution_microplastic,0.35684,183775,iucn,species_ranges/iucn_spp_mol_183775.csv
engraulis ringens,poisons_toxins,0.37298,183775,iucn,species_ranges/iucn_spp_mol_183775.csv
engraulis ringens,salinity,0.22173,183775,iucn,species_ranges/iucn_spp_mol_183775.csv
engraulis ringens,sedimentation,0.40565,183775,iucn,species_ranges/iucn_spp_mol_183775.csv
engraulis ringens,sst_rise,0.67098,183775,iucn,species_ranges/iucn_spp_mol_183775.csv
engraulis ringens,storm_disturbance,0.17884,183775,iucn,species_ranges/iucn_spp_mol_183775.csv
engraulis ringens,uv_radiation,0.1995,183775,iucn,species_ranges/iucn_spp_mol_183775.csv
engraulis ringens,wildlife_strike,0.1517,183775,iucn,species_ranges/iucn_spp_mol_183775.csv
gadus morhua,air_temp,0,8784,am,species_ranges/am_spp_mol_gadus_morhua.csv
gadus morhua,biomass_removal,0.71478,8784,am,species_ranges/am_spp_mol_gadus_morhua.csv
gadus morhua,bycatch,0.49864000000000003,8784,am,species_ranges/am_spp_mol_gadus_morhua.csv
gadus morhua,entanglement_macroplastic,0.33335,8784,am,species_ranges/am_spp_mol_gadus_morhua.csv
gadus morhua,eutrophication_nutrient_pollution,0.31203,8784,am,species_ranges/am_spp_mol_gadus_morhua.csv
gadus morhua,habitat_loss_degradation,0.05006,8784,am,species_ranges/am_spp_mol_gadus_morhua.csv
gadus morhua,inorganic_pollution,0.4391,8784,am,species_ranges/am_spp_mol_gadus_morhua.csv
gadus morhua,light_pollution,0.40703,8784,am,species_ranges/am_spp_mol_gadus_morhua.csv
gadus morhua,marine_heat_waves,0.24479,8784,am,species_ranges/am_spp_mol_gadus_morhua.csv
gadus morhua,noise_pollution,0.22789,8784,am,species_ranges/am_spp_mol_gadus_morhua.csv
gadus morhua,ocean_acidification,0.07277,8784,am,species_ranges/am_spp_mol_gadus_morhua.csv
gadus morhua,oceanographic,0.21136,8784,am,species_ranges/am_spp_mol_gadus_morhua.csv
gadus morhua,organic_pollution,0.59228,8784,am,species_ranges/am_spp_mol_gadus_morhua.csv
gadus morhua,plastic_pollution_microplastic,0.37738,8784,am,species_ranges/am_spp_mol_gadus_morhua.csv
gadus morhua,poisons_toxins,0.47884,8784,am,species_ranges/am_spp_mol_gadus_morhua.csv
gadus morhua,salinity,0.05653,8784,am,species_ranges/am_spp_mol_gadus_morhua.csv
gadus morhua,sedimentation,0.47866,8784,am,species_ranges/am_spp_mol_gadus_morhua.csv
gadus morhua,sst_rise,0.71478,8784,am,species_ranges/am_spp_mol_gadus_morhua.csv
gadus morhua,storm_disturbance,0.12227,8784,am,species_ranges/am_spp_mol_gadus_morhua.csv
gadus morhua,uv_radiation,0.21116,8784,am,species_ranges/am_spp_mol_gadus_morhua.csv
gadus morhua,wildlife_strike,0.19029,8784,am,species_ranges/am_spp_mol_gadus_morhua.csv
katsuwonus pelamis,air_temp,0,170310,iucn,species_ranges/iucn_spp_mol_170310.csv
katsuwonus pelamis,biomass_removal,0.74349,170310,iucn,species_ranges/iucn_spp_mol_170310.csv
katsuwonus pelamis,bycatch,0.51866,170310,iucn,species_ranges/iucn_spp_mol_170310.csv
katsuwonus pelamis,entanglement_macroplastic,0.3458,170310,iucn,species_ranges/iucn_spp_mol_170310.csv
katsuwonus pelamis,eutrophication_nutrient_pollution,0.50007,170310,iucn,species_ranges/iucn_spp_mol_170310.csv
katsuwonus pelamis,habitat_loss_degradation,0.05176,170310,iucn,species_ranges/iucn_spp_mol_170310.csv
katsuwonus pelamis,inorganic_pollution,0.4864,170310,iucn,species_ranges/iucn_spp_mol_170310.csv
katsuwonus pelamis,light_pollution,0.42105,170310,iucn,species_ranges/iucn_spp_mol_170310.csv
katsuwonus pelamis,marine_heat_waves,0.34799,170310,iucn,species_ranges/iucn_spp_mol_170310.csv
katsuwonus pelamis,noise_pollution,0.23563,170310,iucn,species_ranges/iucn_spp_mol_170310.csv
katsuwonus pelamis,ocean_acidification,0.07286,170310,iucn,species_ranges/iucn_spp_mol_170310.csv
katsuwonus pelamis,oceanographic,0.43786,170310,iucn,species_ranges/iucn_spp_mol_170310.csv
katsuwonus pelamis,organic_pollution,0.59417,170310,iucn,species_ranges/iucn_spp_mol_170310.csv
katsuwonus pelamis,plastic_pollution_microplastic,0.37506,170310,iucn,species_ranges/iucn_spp_mol_170310.csv
katsuwonus pelamis,poisons_toxins,0.47944,170310,iucn,species_ranges/iucn_spp_mol_170310.csv
katsuwonus pelamis,salinity,0.22857,170310,iucn,species_ranges/iucn_spp_mol_170310.csv
katsuwonus pelamis,sedimentation,0.60424,170310,iucn,species_ranges/iucn_spp_mol_170310.csv
katsuwonus pelamis,sst_rise,0.74349,170310,iucn,species_ranges/iucn_spp_mol_170310.csv
katsuwonus pelamis,storm_disturbance,0.38132,170310,iucn,species_ranges/iucn_spp_mol_170310.csv
katsuwonus pelamis,uv_radiation,0.21872,170310,iucn,species_ranges/iucn_spp_mol_170310.csv
katsuwonus pelamis,wildlife_strike,0.19675,170310,iucn,species_ranges/iucn_spp_mol_170310.csv
mallotus villosus,air_temp,0.11832,NA,am,species_ranges/am_spp_mol_mallotus_villosus.csv
mallotus villosus,biomass_removal,0.66285,NA,am,species_ranges/am_spp_mol_mallotus_villosus.csv
mallotus villosus,bycatch,0.39786,NA,am,species_ranges/am_spp_mol_mallotus_villosus.csv
mallotus villosus,entanglement_macroplastic,0.10746,NA,am,species_ranges/am_spp_mol_mallotus_villosus.csv
mallotus villosus,eutrophication_nutrient_pollution,0.28488,NA,am,species_ranges/am_spp_mol_mallotus_villosus.csv
mallotus villosus,habitat_loss_degradation,0.12936,NA,am,species_ranges/am_spp_mol_mallotus_villosus.csv
mallotus villosus,inorganic_pollution,0.31982,NA,am,species_ranges/am_spp_mol_mallotus_villosus.csv
mallotus villosus,light_pollution,0.30698,NA,am,species_ranges/am_spp_mol_mallotus_villosus.csv
mallotus villosus,marine_heat_waves,0.19201,NA,am,species_ranges/am_spp_mol_mallotus_villosus.csv
mallotus villosus,noise_pollution,0.1892,NA,am,species_ranges/am_spp_mol_mallotus_villosus.csv
mallotus villosus,ocean_acidification,0.0525,NA,am,species_ranges/am_spp_mol_mallotus_villosus.csv
mallotus villosus,oceanographic,0.24351,NA,am,species_ranges/am_spp_mol_mallotus_villosus.csv
mallotus villosus,organic_pollution,0.39678,NA,am,species_ranges/am_spp_mol_mallotus_villosus.csv
mallotus villosus,plastic_pollution_microplastic,0.26627,NA,am,species_ranges/am_spp_mol_mallotus_villosus.csv
mallotus villosus,poisons_toxins,0.33405,NA,am,species_ranges/am_spp_mol_mallotus_villosus.csv
mallotus villosus,salinity,0.15209,NA,am,species_ranges/am_spp_mol_mallotus_villosus.csv
mallotus villosus,sedimentation,0.3539,NA,am,species_ranges/am_spp_mol_mallotus_villosus.csv
mallotus villosus,sst_rise,0.66285,NA,am,species_ranges/am_spp_mol_mallotus_villosus.csv
mallotus villosus,storm_disturbance,0.1319,NA,am,species_ranges/am_spp_mol_mallotus_villosus.csv
mallotus villosus,uv_radiation,0.13568,NA,am,species_ranges/am_spp_mol_mallotus_villosus.csv
mallotus villosus,wildlife_strike,0.12186,NA,am,species_ranges/am_spp_mol_mallotus_villosus.csv
oncorhynchus mykiss,air_temp,0,NA,am,species_ranges/am_spp_mol_oncorhynchus_mykiss.csv
oncorhynchus mykiss,biomass_removal,0.71936,NA,am,species_ranges/am_spp_mol_oncorhynchus_mykiss.csv
oncorhynchus mykiss,bycatch,0.43075,NA,am,species_ranges/am_spp_mol_oncorhynchus_mykiss.csv
oncorhynchus mykiss,entanglement_macroplastic,0.16641,NA,am,species_ranges/am_spp_mol_oncorhynchus_mykiss.csv
oncorhynchus mykiss,eutrophication_nutrient_pollution,0.408,NA,am,species_ranges/am_spp_mol_oncorhynchus_mykiss.csv
oncorhynchus mykiss,habitat_loss_degradation,0.05033,NA,am,species_ranges/am_spp_mol_oncorhynchus_mykiss.csv
oncorhynchus mykiss,inorganic_pollution,0.47808,NA,am,species_ranges/am_spp_mol_oncorhynchus_mykiss.csv
oncorhynchus mykiss,light_pollution,0.40927,NA,am,species_ranges/am_spp_mol_oncorhynchus_mykiss.csv
oncorhynchus mykiss,marine_heat_waves,0.21571,NA,am,species_ranges/am_spp_mol_oncorhynchus_mykiss.csv
oncorhynchus mykiss,noise_pollution,0.22913,NA,am,species_ranges/am_spp_mol_oncorhynchus_mykiss.csv
oncorhynchus mykiss,ocean_acidification,0.07318,NA,am,species_ranges/am_spp_mol_oncorhynchus_mykiss.csv
oncorhynchus mykiss,oceanographic,0,NA,am,species_ranges/am_spp_mol_oncorhynchus_mykiss.csv
oncorhynchus mykiss,organic_pollution,0.54499,NA,am,species_ranges/am_spp_mol_oncorhynchus_mykiss.csv
oncorhynchus mykiss,plastic_pollution_microplastic,0.37951,NA,am,species_ranges/am_spp_mol_oncorhynchus_mykiss.csv
oncorhynchus mykiss,poisons_toxins,0.43379,NA,am,species_ranges/am_spp_mol_oncorhynchus_mykiss.csv
oncorhynchus mykiss,salinity,0.05685,NA,am,species_ranges/am_spp_mol_oncorhynchus_mykiss.csv
oncorhynchus mykiss,sedimentation,0.58488,NA,am,species_ranges/am_spp_mol_oncorhynchus_mykiss.csv
oncorhynchus mykiss,sst_rise,0.71936,NA,am,species_ranges/am_spp_mol_oncorhynchus_mykiss.csv
oncorhynchus mykiss,storm_disturbance,0.30921,NA,am,species_ranges/am_spp_mol_oncorhynchus_mykiss.csv
oncorhynchus mykiss,uv_radiation,0.21237,NA,am,species_ranges/am_spp_mol_oncorhynchus_mykiss.csv
oncorhynchus mykiss,wildlife_strike,0.15352,NA,am,species_ranges/am_spp_mol_oncorhynchus_mykiss.csv
salmo salar,air_temp,0.11833,19855,am,species_ranges/am_spp_mol_salmo_salar.csv
salmo salar,biomass_removal,0.66297,19855,am,species_ranges/am_spp_mol_salmo_salar.csv
salmo salar,bycatch,0.39794,19855,am,species_ranges/am_spp_mol_salmo_salar.csv
salmo salar,entanglement_macroplastic,0.10747,19855,am,species_ranges/am_spp_mol_salmo_salar.csv
salmo salar,eutrophication_nutrient_pollution,0.28492,19855,am,species_ranges/am_spp_mol_salmo_salar.csv
salmo salar,habitat_loss_degradation,0.12938,19855,am,species_ranges/am_spp_mol_salmo_salar.csv
salmo salar,inorganic_pollution,0.31986,19855,am,species_ranges/am_spp_mol_salmo_salar.csv
salmo salar,light_pollution,0.30702,19855,am,species_ranges/am_spp_mol_salmo_salar.csv
salmo salar,marine_heat_waves,0.19204,19855,am,species_ranges/am_spp_mol_salmo_salar.csv
salmo salar,noise_pollution,0.18923,19855,am,species_ranges/am_spp_mol_salmo_salar.csv
salmo salar,ocean_acidification,0.05251,19855,am,species_ranges/am_spp_mol_salmo_salar.csv
salmo salar,oceanographic,0.24354,19855,am,species_ranges/am_spp_mol_salmo_salar.csv
salmo salar,organic_pollution,0.39683,19855,am,species_ranges/am_spp_mol_salmo_salar.csv
salmo salar,plastic_pollution_microplastic,0.2663,19855,am,species_ranges/am_spp_mol_salmo_salar.csv
salmo salar,poisons_toxins,0.3341,19855,am,species_ranges/am_spp_mol_salmo_salar.csv
salmo salar,salinity,0.15211,19855,am,species_ranges/am_spp_mol_salmo_salar.csv
salmo salar,sedimentation,0.35394,19855,am,species_ranges/am_spp_mol_salmo_salar.csv
salmo salar,sst_rise,0.66297,19855,am,species_ranges/am_spp_mol_salmo_salar.csv
salmo salar,storm_disturbance,0.13191,19855,am,species_ranges/am_spp_mol_salmo_salar.csv
salmo salar,uv_radiation,0.1357,19855,am,species_ranges/am_spp_mol_salmo_salar.csv
salmo salar,wildlife_strike,0.12188,19855,am,species_ranges/am_spp_mol_salmo_salar.csv
sardina pilchardus,air_temp,0.11832,198580,iucn,species_ranges/iucn_spp_mol_198580.csv
sardina pilchardus,biomass_removal,0.66285,198580,iucn,species_ranges/iucn_spp_mol_198580.csv
sardina pilchardus,bycatch,0.39786,198580,iucn,species_ranges/iucn_spp_mol_198580.csv
sardina pilchardus,entanglement_macroplastic,0.10746,198580,iucn,species_ranges/iucn_spp_mol_198580.csv
sardina pilchardus,eutrophication_nutrient_pollution,0.28488,198580,iucn,species_ranges/iucn_spp_mol_198580.csv
sardina pilchardus,habitat_loss_degradation,0.12936,198580,iucn,species_ranges/iucn_spp_mol_198580.csv
sardina pilchardus,inorganic_pollution,0.31982,198580,iucn,species_ranges/iucn_spp_mol_198580.csv
sardina pilchardus,light_pollution,0.30698,198580,iucn,species_ranges/iucn_spp_mol_198580.csv
sardina pilchardus,marine_heat_waves,0.19201,198580,iucn,species_ranges/iucn_spp_mol_198580.csv
sardina pilchardus,noise_pollution,0.1892,198580,iucn,species_ranges/iucn_spp_mol_198580.csv
sardina pilchardus,ocean_acidification,0.0525,198580,iucn,species_ranges/iucn_spp_mol_198580.csv
sardina pilchardus,oceanographic,0.24351,198580,iucn,species_ranges/iucn_spp_mol_198580.csv
sardina pilchardus,organic_pollution,0.39678,198580,iucn,species_ranges/iucn_spp_mol_198580.csv
sardina pilchardus,plastic_pollution_microplastic,0.26627,198580,iucn,species_ranges/iucn_spp_mol_198580.csv
sardina pilchardus,poisons_toxins,0.33405,198580,iucn,species_ranges/iucn_spp_mol_198580.csv
sardina pilchardus,salinity,0.15209,198580,iucn,species_ranges/iucn_spp_mol_198580.csv
sardina pilchardus,sedimentation,0.3539,198580,iucn,species_ranges/iucn_spp_mol_198580.csv
sardina pilchardus,sst_rise,0.66285,198580,iucn,species_ranges/iucn_spp_mol_198580.csv
sardina pilchardus,storm_disturbance,0.1319,198580,iucn,species_ranges/iucn_spp_mol_198580.csv
sardina pilchardus,uv_radiation,0.13568,198580,iucn,species_ranges/iucn_spp_mol_198580.csv
sardina pilchardus,wildlife_strike,0.12186,198580,iucn,species_ranges/iucn_spp_mol_198580.csv
sardinella longiceps,air_temp,0.11832,154989,iucn,species_ranges/iucn_spp_mol_154989.csv
sardinella longiceps,biomass_removal,0.66285,154989,iucn,species_ranges/iucn_spp_mol_154989.csv
sardinella longiceps,bycatch,0.39786,154989,iucn,species_ranges/iucn_spp_mol_154989.csv
sardinella longiceps,entanglement_macroplastic,0.10746,154989,iucn,species_ranges/iucn_spp_mol_154989.csv
sardinella longiceps,eutrophication_nutrient_pollution,0.28488,154989,iucn,species_ranges/iucn_spp_mol_154989.csv
sardinella longiceps,habitat_loss_degradation,0.12936,154989,iucn,species_ranges/iucn_spp_mol_154989.csv
sardinella longiceps,inorganic_pollution,0.31982,154989,iucn,species_ranges/iucn_spp_mol_154989.csv
sardinella longiceps,light_pollution,0.30698,154989,iucn,species_ranges/iucn_spp_mol_154989.csv
sardinella longiceps,marine_heat_waves,0.19201,154989,iucn,species_ranges/iucn_spp_mol_154989.csv
sardinella longiceps,noise_pollution,0.1892,154989,iucn,species_ranges/iucn_spp_mol_154989.csv
sardinella longiceps,ocean_acidification,0.0525,154989,iucn,species_ranges/iucn_spp_mol_154989.csv
sardinella longiceps,oceanographic,0.24351,154989,iucn,species_ranges/iucn_spp_mol_154989.csv
sardinella longiceps,organic_pollution,0.39678,154989,iucn,species_ranges/iucn_spp_mol_154989.csv
sardinella longiceps,plastic_pollution_microplastic,0.26627,154989,iucn,species_ranges/iucn_spp_mol_154989.csv
sardinella longiceps,poisons_toxins,0.33405,154989,iucn,species_ranges/iucn_spp_mol_154989.csv
sardinella longiceps,salinity,0.15209,154989,iucn,species_ranges/iucn_spp_mol_154989.csv
sardinella longiceps,sedimentation,0.3539,154989,iucn,species_ranges/iucn_spp_mol_154989.csv
sardinella longiceps,sst_rise,0.66285,154989,iucn,species_ranges/iucn_spp_mol_154989.csv
sardinella longiceps,storm_disturbance,0.1319,154989,iucn,species_ranges/iucn_spp_mol_154989.csv
sardinella longiceps,uv_radiation,0.13568,154989,iucn,species_ranges/iucn_spp_mol_154989.csv
sardinella longiceps,wildlife_strike,0.12186,154989,iucn,species_ranges/iucn_spp_mol_154989.csv
scomber japonicus,air_temp,0.11832,170306,iucn,species_ranges/iucn_spp_mol_170306.csv
scomber japonicus,biomass_removal,0.66285,170306,iucn,species_ranges/iucn_spp_mol_170306.csv
scomber japonicus,bycatch,0.39786,170306,iucn,species_ranges/iucn_spp_mol_170306.csv
scomber japonicus,entanglement_macroplastic,0.10746,170306,iucn,species_ranges/iucn_spp_mol_170306.csv
scomber japonicus,eutrophication_nutrient_pollution,0.28488,170306,iucn,species_ranges/iucn_spp_mol_170306.csv
scomber japonicus,habitat_loss_degradation,0.12936,170306,iucn,species_ranges/iucn_spp_mol_170306.csv
scomber japonicus,inorganic_pollution,0.31982,170306,iucn,species_ranges/iucn_spp_mol_170306.csv
scomber japonicus,light_pollution,0.30698,170306,iucn,species_ranges/iucn_spp_mol_170306.csv
scomber japonicus,marine_heat_waves,0.19201,170306,iucn,species_ranges/iucn_spp_mol_170306.csv
scomber japonicus,noise_pollution,0.1892,170306,iucn,species_ranges/iucn_spp_mol_170306.csv
scomber japonicus,ocean_acidification,0.0525,170306,iucn,species_ranges/iucn_spp_mol_170306.csv
scomber japonicus,oceanographic,0.24351,170306,iucn,species_ranges/iucn_spp_mol_170306.csv
scomber japonicus,organic_pollution,0.39678,170306,iucn,species_ranges/iucn_spp_mol_170306.csv
scomber japonicus,plastic_pollution_microplastic,0.26627,170306,iucn,species_ranges/iucn_spp_mol_170306.csv
scomber japonicus,poisons_toxins,0.33405,170306,iucn,species_ranges/iucn_spp_mol_170306.csv
scomber japonicus,salinity,0.15209,170306,iucn,species_ranges/iucn_spp_mol_170306.csv
scomber japonicus,sedimentation,0.3539,170306,iucn,species_ranges/iucn_spp_mol_170306.csv
scomber japonicus,sst_rise,0.66285,170306,iucn,species_ranges/iucn_spp_mol_170306.csv
scomber japonicus,storm_disturbance,0.1319,170306,iucn,species_ranges/iucn_spp_mol_170306.csv
scomber japonicus,uv_radiation,0.13568,170306,iucn,species_ranges/iucn_spp_mol_170306.csv
scomber japonicus,wildlife_strike,0.12186,170306,iucn,species_ranges/iucn_spp_mol_170306.csv
scomber scombrus,air_temp,0.11893,170354,iucn,species_ranges/iucn_spp_mol_170354.csv
scomber scombrus,biomass_removal,0.66789,170354,iucn,species_ranges/iucn_spp_mol_170354.csv
scomber scombrus,bycatch,0.40089,170354,iucn,species_ranges/iucn_spp_mol_170354.csv
scomber scombrus,entanglement_macroplastic,0.10799,170354,iucn,species_ranges/iucn_spp_mol_170354.csv
scomber scombrus,eutrophication_nutrient_pollution,0.28638,170354,iucn,species_ranges/iucn_spp_mol_170354.csv
scomber scombrus,habitat_loss_degradation,0.13008,170354,iucn,species_ranges/iucn_spp_mol_170354.csv
scomber scombrus,inorganic_pollution,0.32151,170354,iucn,species_ranges/iucn_spp_mol_170354.csv
scomber scombrus,light_pollution,0.30865,170354,iucn,species_ranges/iucn_spp_mol_170354.csv
scomber scombrus,marine_heat_waves,0.19306,170354,iucn,species_ranges/iucn_spp_mol_170354.csv
scomber scombrus,noise_pollution,0.19024,170354,iucn,species_ranges/iucn_spp_mol_170354.csv
scomber scombrus,ocean_acidification,0.05278,170354,iucn,species_ranges/iucn_spp_mol_170354.csv
scomber scombrus,oceanographic,0.2448,170354,iucn,species_ranges/iucn_spp_mol_170354.csv
scomber scombrus,organic_pollution,0.39886,170354,iucn,species_ranges/iucn_spp_mol_170354.csv
scomber scombrus,plastic_pollution_microplastic,0.26765,170354,iucn,species_ranges/iucn_spp_mol_170354.csv
scomber scombrus,poisons_toxins,0.33581,170354,iucn,species_ranges/iucn_spp_mol_170354.csv
scomber scombrus,salinity,0.15289,170354,iucn,species_ranges/iucn_spp_mol_170354.csv
scomber scombrus,sedimentation,0.35576,170354,iucn,species_ranges/iucn_spp_mol_170354.csv
scomber scombrus,sst_rise,0.66789,170354,iucn,species_ranges/iucn_spp_mol_170354.csv
scomber scombrus,storm_disturbance,0.13259,170354,iucn,species_ranges/iucn_spp_mol_170354.csv
scomber scombrus,uv_radiation,0.13635,170354,iucn,species_ranges/iucn_spp_mol_170354.csv
scomber scombrus,wildlife_strike,0.12253,170354,iucn,species_ranges/iucn_spp_mol_170354.csv
thunnus albacares,air_temp,0,21857,iucn,species_ranges/iucn_spp_mol_21857.csv
thunnus albacares,biomass_removal,0.75003,21857,iucn,species_ranges/iucn_spp_mol_21857.csv
thunnus albacares,bycatch,0.44912,21857,iucn,species_ranges/iucn_spp_mol_21857.csv
thunnus albacares,entanglement_macroplastic,0.173,21857,iucn,species_ranges/iucn_spp_mol_21857.csv
thunnus albacares,eutrophication_nutrient_pollution,0.50377,21857,iucn,species_ranges/iucn_spp_mol_21857.csv
thunnus albacares,habitat_loss_degradation,0.05214,21857,iucn,species_ranges/iucn_spp_mol_21857.csv
thunnus albacares,inorganic_pollution,0.50215,21857,iucn,species_ranges/iucn_spp_mol_21857.csv
thunnus albacares,light_pollution,0.42423,21857,iucn,species_ranges/iucn_spp_mol_21857.csv
thunnus albacares,marine_heat_waves,0.25506,21857,iucn,species_ranges/iucn_spp_mol_21857.csv
thunnus albacares,noise_pollution,0.23738,21857,iucn,species_ranges/iucn_spp_mol_21857.csv
thunnus albacares,ocean_acidification,0.0734,21857,iucn,species_ranges/iucn_spp_mol_21857.csv
thunnus albacares,oceanographic,0.44129,21857,iucn,species_ranges/iucn_spp_mol_21857.csv
thunnus albacares,organic_pollution,0.58164,21857,iucn,species_ranges/iucn_spp_mol_21857.csv
thunnus albacares,plastic_pollution_microplastic,0.37784,21857,iucn,species_ranges/iucn_spp_mol_21857.csv
thunnus albacares,poisons_toxins,0.48298,21857,iucn,species_ranges/iucn_spp_mol_21857.csv
thunnus albacares,salinity,0.23027,21857,iucn,species_ranges/iucn_spp_mol_21857.csv
thunnus albacares,sedimentation,0.62947,21857,iucn,species_ranges/iucn_spp_mol_21857.csv
thunnus albacares,sst_rise,0.75003,21857,iucn,species_ranges/iucn_spp_mol_21857.csv
thunnus albacares,storm_disturbance,0.38419,21857,iucn,species_ranges/iucn_spp_mol_21857.csv
thunnus albacares,uv_radiation,0.22043,21857,iucn,species_ranges/iucn_spp_mol_21857.csv
thunnus albacares,wildlife_strike,0.15905,21857,iucn,species_ranges/iucn_spp_mol_21857.csv
trichiurus lepturus,air_temp,0.11832,190090,am,species_ranges/am_spp_mol_trichiurus_lepturus.csv
trichiurus lepturus,biomass_removal,0.66285,190090,am,species_ranges/am_spp_mol_trichiurus_lepturus.csv
trichiurus lepturus,bycatch,0.39786,190090,am,species_ranges/am_spp_mol_trichiurus_lepturus.csv
trichiurus lepturus,entanglement_macroplastic,0.10746,190090,am,species_ranges/am_spp_mol_trichiurus_lepturus.csv
trichiurus lepturus,eutrophication_nutrient_pollution,0.28488,190090,am,species_ranges/am_spp_mol_trichiurus_lepturus.csv
trichiurus lepturus,habitat_loss_degradation,0.12936,190090,am,species_ranges/am_spp_mol_trichiurus_lepturus.csv
trichiurus lepturus,inorganic_pollution,0.31982,190090,am,species_ranges/am_spp_mol_trichiurus_lepturus.csv
trichiurus lepturus,light_pollution,0.30698,190090,am,species_ranges/am_spp_mol_trichiurus_lepturus.csv
trichiurus lepturus,marine_heat_waves,0.19201,190090,am,species_ranges/am_spp_mol_trichiurus_lepturus.csv
trichiurus lepturus,noise_pollution,0.1892,190090,am,species_ranges/am_spp_mol_trichiurus_lepturus.csv
trichiurus lepturus,ocean_acidification,0.0525,190090,am,species_ranges/am_spp_mol_trichiurus_lepturus.csv
trichiurus lepturus,oceanographic,0.24351,190090,am,species_ranges/am_spp_mol_trichiurus_lepturus.csv
trichiurus lepturus,organic_pollution,0.39678,190090,am,species_ranges/am_spp_mol_trichiurus_lepturus.csv
trichiurus lepturus,plastic_pollution_microplastic,0.26627,190090,am,species_ranges/am_spp_mol_trichiurus_lepturus.csv
trichiurus lepturus,poisons_toxins,0.33405,190090,am,species_ranges/am_spp_mol_trichiurus_lepturus.csv
trichiurus lepturus,salinity,0.15209,190090,am,species_ranges/am_spp_mol_trichiurus_lepturus.csv
trichiurus lepturus,sedimentation,0.3539,190090,am,species_ranges/am_spp_mol_trichiurus_lepturus.csv
trichiurus lepturus,sst_rise,0.66285,190090,am,species_ranges/am_spp_mol_trichiurus_lepturus.csv
trichiurus lepturus,storm_disturbance,0.1319,190090,am,species_ranges/am_spp_mol_trichiurus_lepturus.csv
trichiurus lepturus,uv_radiation,0.13568,190090,am,species_ranges/am_spp_mol_trichiurus_lepturus.csv
trichiurus lepturus,wildlife_strike,0.12186,190090,am,species_ranges/am_spp_mol_trichiurus_lepturus.csv
